{
  "api":{
    "tabs":[
      "seasons",
      "episodes",
      "languages"
    ],
    "tab":{
      "seasons":{
        "selectors":[
          "s"
        ],
        "selector":{
          "s":{
            "options":[
              "s1",
              "s2"
            ],
            "option":{
              "s1":{
                "name":"Season 1"
              },
              "s2":{
                "name":"Season 2"
              }
            }
          }
        }
      },
      "episodes":{
        "selectors":[
          "s1",
          "s2"
        ],
        "selector":{
          "s1":{
            "options":[
              "s1e1",
              "s1e2",
              "s1e3",
              "s1e4",
              "s1e5",
              "s1e6",
              "s1e7",
              "s1e8",
              "s1e9",
              "s1e10"
            ],
            "option":{
              "s1e1":{
                "name":"Episode 1"
              },
              "s1e2":{
                "name":"Episode 2"
              },
              "s1e3":{
                "name":"Episode 3"
              },
              "s1e4":{
                "name":"Episode 4"
              },
              "s1e5":{
                "name":"Episode 5"
              },
              "s1e6":{
                "name":"Episode 6"
              },
              "s1e7":{
                "name":"Episode 7"
              },
              "s1e8":{
                "name":"Episode 8"
              },
              "s1e9":{
                "name":"Episode 9"
              },
              "s1e10":{
                "name":"Episode 10"
              }
            }
          },
          "s2":{
            "options":[
              "s2e1",
              "s2e2",
              "s2e3",
              "s2e4",
              "s2e5",
              "s2e6",
              "s2e7",
              "s2e8",
              "s2e9",
              "s2e10"
            ],
            "option":{
              "s2e1":{
                "name":"Episode 1"
              },
              "s2e2":{
                "name":"Episode 2"
              },
              "s2e3":{
                "name":"Episode 3"
              },
              "s2e4":{
                "name":"Episode 4"
              },
              "s2e5":{
                "name":"Episode 5"
              },
              "s2e6":{
                "name":"Episode 6"
              },
              "s2e7":{
                "name":"Episode 7"
              },
              "s2e8":{
                "name":"Episode 8"
              },
              "s2e9":{
                "name":"Episode 9"
              },
              "s2e10":{
                "name":"Episode 10"
              }
            }
          }
        }
      },
      "languages":{
        "selectors":[
          "s1e1",
          "s1e2",
          "s1e3",
          "s1e4",
          "s1e5",
          "s1e6",
          "s1e7",
          "s1e8",
          "s1e9",
          "s1e10",
          "s2e1",
          "s2e2",
          "s2e3",
          "s2e4",
          "s2e5",
          "s2e6",
          "s2e7",
          "s2e8",
          "s2e9",
          "s2e10"
        ],
        "selector":{
          "s1e1":{
            "options":[
              "s1e1en"
            ],
            "option":{
              "s1e1en":{
                "name":"YouTube",
                "action":"_rB36UGoP4Y",
                "type":"youtube"
              }
            }
          },
          "s1e2":{
            "options":[
              "s1e2en"
            ],
            "option":{
              "s1e2en":{
                "name":"YouTube",
                "action":"1Aoc-cd9eYs",
                "type":"youtube"
              }
            }
          },
          "s1e3":{
            "options":[
              "s1e3en"
            ],
            "option":{
              "s1e3en":{
                "name":"YouTube",
                "action":"9z1nTwP2n0w",
                "type":"youtube"
              }
            }
          },
          "s1e4":{
            "options":[
              "s1e4en"
            ],
            "option":{
              "s1e4en":{
                "name":"YouTube",
                "action":"yO-hXXhYVkc",
                "type":"youtube"
              }
            }
          },
          "s1e5":{
            "options":[
              "s1e5en"
            ],
            "option":{
              "s1e5en":{
                "name":"YouTube",
                "action":"aDTUH8VkhVE",
                "type":"youtube"
              }
            }
          },
          "s1e6":{
            "options":[
              "s1e6en"
            ],
            "option":{
              "s1e6en":{
                "name":"YouTube",
                "action":"MfePCtYUy1g",
                "type":"youtube"
              }
            }
          },
          "s1e7":{
            "options":[
              "s1e7en"
            ],
            "option":{
              "s1e7en":{
                "name":"YouTube",
                "action":"1jTy2VMqaM4",
                "type":"youtube"
              }
            }
          },
          "s1e8":{
            "options":[
              "s1e8en"
            ],
            "option":{
              "s1e8en":{
                "name":"YouTube",
                "action":"9S9ydLeG-Lw",
                "type":"youtube"
              }
            }
          },
          "s1e9":{
            "options":[
              "s1e9en"
            ],
            "option":{
              "s1e9en":{
                "name":"YouTube",
                "action":"81XSlh_UKJg",
                "type":"youtube"
              }
            }
          },
          "s1e10":{
            "options":[
              "s1e10en"
            ],
            "option":{
              "s1e10en":{
                "name":"YouTube",
                "action":"vNgbK85d0ZM",
                "type":"youtube"
              }
            }
          },
          "s2e1":{
            "options":[
              "s2e1en"
            ],
            "option":{
              "s2e1en":{
                "name":"YouTube",
                "action":"eKc-SxD0HZE",
                "type":"youtube"
              }
            }
          },
          "s2e2":{
            "options":[
              "s2e2en"
            ],
            "option":{
              "s2e2en":{
                "name":"YouTube",
                "action":"cbPXUNqDXrw",
                "type":"youtube"
              }
            }
          },
          "s2e3":{
            "options":[
              "s2e3en"
            ],
            "option":{
              "s2e3en":{
                "name":"YouTube",
                "action":"oPmBjotRLb0",
                "type":"youtube"
              }
            }
          },
          "s2e4":{
            "options":[
              "s2e4en"
            ],
            "option":{
              "s2e4en":{
                "name":"YouTube",
                "action":"r3LDOk6vMp8",
                "type":"youtube"
              }
            }
          },
          "s2e5":{
            "options":[
              "s2e5en"
            ],
            "option":{
              "s2e5en":{
                "name":"YouTube",
                "action":"PxQ46YpVwz4",
                "type":"youtube"
              }
            }
          },
          "s2e6":{
            "options":[
              "s2e6en"
            ],
            "option":{
              "s2e6en":{
                "name":"YouTube",
                "action":"hlKiu9vAHs4",
                "type":"youtube"
              }
            }
          },
          "s2e7":{
            "options":[
              "s2e7en"
            ],
            "option":{
              "s2e7en":{
                "name":"YouTube",
                "action":"wjHlmt3Cbj8",
                "type":"youtube"
              }
            }
          },
          "s2e8":{
            "options":[
              "s2e8en"
            ],
            "option":{
              "s2e8en":{
                "name":"YouTube",
                "action":"bZoPNQE3CC0",
                "type":"youtube"
              }
            }
          },
          "s2e9":{
            "options":[
              "s2e9en"
            ],
            "option":{
              "s2e9en":{
                "name":"YouTube",
                "action":"cwpaGhiRUEg",
                "type":"youtube"
              }
            }
          },
          "s2e10":{
            "options":[
              "s2e10en"
            ],
            "option":{
              "s2e10en":{
                "name":"YouTube",
                "action":"N6rfwQ0Rpwg",
                "type":"youtube"
              }
            }
          }
        }
      }
    }
  }
}