{
  "api":[
    {
      "tab":"seasons",
      "selector":"s",
      "option":"s1",
      "name":"Season 1"
    },
    {
      "tab":"seasons",
      "selector":"s",
      "option":"s2",
      "name":"Season 2"
    },
    {
      "tab":"episodes",
      "selector":"s1",
      "option":"s1e1",
      "name":"Episode 1"
    },
    {
      "tab":"episodes",
      "selector":"s1",
      "option":"s1e2",
      "name":"Episode 2"
    },
    {
      "tab":"episodes",
      "selector":"s1",
      "option":"s1e3",
      "name":"Episode 3"
    },
    {
      "tab":"episodes",
      "selector":"s1",
      "option":"s1e4",
      "name":"Episode 4"
    },
    {
      "tab":"episodes",
      "selector":"s1",
      "option":"s1e5",
      "name":"Episode 5"
    },
    {
      "tab":"episodes",
      "selector":"s1",
      "option":"s1e6",
      "name":"Episode 6"
    },
    {
      "tab":"episodes",
      "selector":"s1",
      "option":"s1e7",
      "name":"Episode 7"
    },
    {
      "tab":"episodes",
      "selector":"s1",
      "option":"s1e8",
      "name":"Episode 8"
    },
    {
      "tab":"episodes",
      "selector":"s1",
      "option":"s1e9",
      "name":"Episode 9"
    },
    {
      "tab":"episodes",
      "selector":"s1",
      "option":"s1e10",
      "name":"Episode 10"
    },
    {
      "tab":"episodes",
      "selector":"s2",
      "option":"s2e1",
      "name":"Episode 1"
    },
    {
      "tab":"episodes",
      "selector":"s2",
      "option":"s2e2",
      "name":"Episode 2"
    },
    {
      "tab":"episodes",
      "selector":"s2",
      "option":"s2e3",
      "name":"Episode 3"
    },
    {
      "tab":"episodes",
      "selector":"s2",
      "option":"s2e4",
      "name":"Episode 4"
    },
    {
      "tab":"episodes",
      "selector":"s2",
      "option":"s2e5",
      "name":"Episode 5"
    },
    {
      "tab":"episodes",
      "selector":"s2",
      "option":"s2e6",
      "name":"Episode 6"
    },
    {
      "tab":"episodes",
      "selector":"s2",
      "option":"s2e7",
      "name":"Episode 7"
    },
    {
      "tab":"episodes",
      "selector":"s2",
      "option":"s2e8",
      "name":"Episode 8"
    },
    {
      "tab":"episodes",
      "selector":"s2",
      "option":"s2e9",
      "name":"Episode 9"
    },
    {
      "tab":"episodes",
      "selector":"s2",
      "option":"s2e10",
      "name":"Episode 10"
    },
    {
      "tab":"languages",
      "selector":"s1e1",
      "option":"s1e1en",
      "name":"YouTube",
      "action":"_rB36UGoP4Y",
      "type":"youtube"
    },
    {
      "tab":"languages",
      "selector":"s1e2",
      "option":"s1e2en",
      "name":"YouTube",
      "action":"1Aoc-cd9eYs",
      "type":"youtube"
    },
    {
      "tab":"languages",
      "selector":"s1e3",
      "option":"s1e3en",
      "name":"YouTube",
      "action":"9z1nTwP2n0w",
      "type":"youtube"
    },
    {
      "tab":"languages",
      "selector":"s1e4",
      "option":"s1e4en",
      "name":"YouTube",
      "action":"yO-hXXhYVkc",
      "type":"youtube"
    },
    {
      "tab":"languages",
      "selector":"s1e5",
      "option":"s1e5en",
      "name":"YouTube",
      "action":"aDTUH8VkhVE",
      "type":"youtube"
    },
    {
      "tab":"languages",
      "selector":"s1e6",
      "option":"s1e6en",
      "name":"YouTube",
      "action":"MfePCtYUy1g",
      "type":"youtube"
    },
    {
      "tab":"languages",
      "selector":"s1e7",
      "option":"s1e7en",
      "name":"YouTube",
      "action":"1jTy2VMqaM4",
      "type":"youtube"
    },
    {
      "tab":"languages",
      "selector":"s1e8",
      "option":"s1e8en",
      "name":"YouTube",
      "action":"9S9ydLeG-Lw",
      "type":"youtube"
    },
    {
      "tab":"languages",
      "selector":"s1e9",
      "option":"s1e9en",
      "name":"YouTube",
      "action":"81XSlh_UKJg",
      "type":"youtube"
    },
    {
      "tab":"languages",
      "selector":"s1e10",
      "option":"s1e10en",
      "name":"YouTube",
      "action":"vNgbK85d0ZM",
      "type":"youtube"
    },
    {
      "tab":"languages",
      "selector":"s2e1",
      "option":"s2e1en",
      "name":"YouTube",
      "action":"eKc-SxD0HZE",
      "type":"youtube"
    },
    {
      "tab":"languages",
      "selector":"s2e2",
      "option":"s2e2en",
      "name":"YouTube",
      "action":"cbPXUNqDXrw",
      "type":"youtube"
    },
    {
      "tab":"languages",
      "selector":"s2e3",
      "option":"s2e3en",
      "name":"YouTube",
      "action":"oPmBjotRLb0",
      "type":"youtube"
    },
    {
      "tab":"languages",
      "selector":"s2e4",
      "option":"s2e4en",
      "name":"YouTube",
      "action":"r3LDOk6vMp8",
      "type":"youtube"
    },
    {
      "tab":"languages",
      "selector":"s2e5",
      "option":"s2e5en",
      "name":"YouTube",
      "action":"PxQ46YpVwz4",
      "type":"youtube"
    },
    {
      "tab":"languages",
      "selector":"s2e6",
      "option":"s2e6en",
      "name":"YouTube",
      "action":"hlKiu9vAHs4",
      "type":"youtube"
    },
    {
      "tab":"languages",
      "selector":"s2e7",
      "option":"s2e7en",
      "name":"YouTube",
      "action":"wjHlmt3Cbj8",
      "type":"youtube"
    },
    {
      "tab":"languages",
      "selector":"s2e8",
      "option":"s2e8en",
      "name":"YouTube",
      "action":"bZoPNQE3CC0",
      "type":"youtube"
    },
    {
      "tab":"languages",
      "selector":"s2e9",
      "option":"s2e9en",
      "name":"YouTube",
      "action":"cwpaGhiRUEg",
      "type":"youtube"
    },
    {
      "tab":"languages",
      "selector":"s2e10",
      "option":"s2e10en",
      "name":"YouTube",
      "action":"N6rfwQ0Rpwg",
      "type":"youtube"
    }
  ]
}