{
  "simple-api":[
    {
      "name":"English",
      "iframe":"https://www.youtube.com/embed/LcDQqGJG8pA?autoplay=1&rel=0",
      "image":"https://img.youtube.com/vi/LcDQqGJG8pA/maxresdefault.jpg"
    },
    {
      "name":"Español",
      "iframe":"https://www.youtube.com/embed/UzQGVBMkNaI?autoplay=1&rel=0",
      "image":"https://img.youtube.com/vi/UzQGVBMkNaI/maxresdefault.jpg"
    },
    {
      "name":"Русский",
      "iframe":"https://www.youtube.com/embed/r5EOmNXGUCY?autoplay=1&rel=0",
      "image":"https://img.youtube.com/vi/r5EOmNXGUCY/maxresdefault.jpg"
    },
    {
      "name":"Italiano",
      "iframe":"https://www.youtube.com/embed/pqv-xSLRvFo?autoplay=1&rel=0",
      "image":"https://img.youtube.com/vi/pqv-xSLRvFo/maxresdefault.jpg"
    }
  ]
}