{
  "simple-api": [
    {
      "name":"YouTube",
      "season":"1",
      "episode":"1",
      "iframe":"https://www.youtube.com/embed/_rB36UGoP4Y?autoplay=1&rel=0",
      "image":"https://img.youtube.com/vi/_rB36UGoP4Y/maxresdefault.jpg"
    },
    {
      "name":"YouTube",
      "season":"1",
      "episode":"2",
      "iframe":"https://www.youtube.com/embed/1Aoc-cd9eYs?autoplay=1&rel=0",
      "image":"https://img.youtube.com/vi/1Aoc-cd9eYs/maxresdefault.jpg"
    },
    {
      "name":"YouTube",
      "season":"1",
      "episode":"3",
      "iframe":"https://www.youtube.com/embed/9z1nTwP2n0w?autoplay=1&rel=0",
      "image":"https://img.youtube.com/vi/9z1nTwP2n0w/maxresdefault.jpg"
    },
    {
      "name":"YouTube",
      "season":"1",
      "episode":"4",
      "iframe":"https://www.youtube.com/embed/yO-hXXhYVkc?autoplay=1&rel=0",
      "image":"https://img.youtube.com/vi/yO-hXXhYVkc/maxresdefault.jpg"
    },
    {
      "name":"YouTube",
      "season":"1",
      "episode":"5",
      "iframe":"https://www.youtube.com/embed/aDTUH8VkhVE?autoplay=1&rel=0",
      "image":"https://img.youtube.com/vi/aDTUH8VkhVE/maxresdefault.jpg"
    },
    {
      "name":"YouTube",
      "season":"1",
      "episode":"6",
      "iframe":"https://www.youtube.com/embed/MfePCtYUy1g?autoplay=1&rel=0",
      "image":"https://img.youtube.com/vi/MfePCtYUy1g/maxresdefault.jpg"
    },
    {
      "name":"YouTube",
      "season":"1",
      "episode":"7",
      "iframe":"https://www.youtube.com/embed/1jTy2VMqaM4?autoplay=1&rel=0",
      "image":"https://img.youtube.com/vi/1jTy2VMqaM4/maxresdefault.jpg"
    },
    {
      "name":"YouTube",
      "season":"1",
      "episode":"8",
      "iframe":"https://www.youtube.com/embed/9S9ydLeG-Lw?autoplay=1&rel=0",
      "image":"https://img.youtube.com/vi/9S9ydLeG-Lw/maxresdefault.jpg"
    },
    {
      "name":"YouTube",
      "season":"1",
      "episode":"9",
      "iframe":"https://www.youtube.com/embed/81XSlh_UKJg?autoplay=1&rel=0",
      "image":"https://img.youtube.com/vi/81XSlh_UKJg/maxresdefault.jpg"
    },
    {
      "name":"YouTube",
      "season":"1",
      "episode":"10",
      "iframe":"https://www.youtube.com/embed/vNgbK85d0ZM?autoplay=1&rel=0",
      "image":"https://img.youtube.com/vi/vNgbK85d0ZM/maxresdefault.jpg"
    },
    {
      "name":"YouTube",
      "season":"2",
      "episode":"1",
      "iframe":"https://www.youtube.com/embed/eKc-SxD0HZE?autoplay=1&rel=0",
      "image":"https://img.youtube.com/vi/eKc-SxD0HZE/maxresdefault.jpg"
    },
    {
      "name":"YouTube",
      "season":"2",
      "episode":"2",
      "iframe":"https://www.youtube.com/embed/cbPXUNqDXrw?autoplay=1&rel=0",
      "image":"https://img.youtube.com/vi/cbPXUNqDXrw/maxresdefault.jpg"
    },
    {
      "name":"YouTube",
      "season":"2",
      "episode":"3",
      "iframe":"https://www.youtube.com/embed/oPmBjotRLb0?autoplay=1&rel=0",
      "image":"https://img.youtube.com/vi/oPmBjotRLb0/maxresdefault.jpg"
    },
    {
      "name":"YouTube",
      "season":"2",
      "episode":"4",
      "iframe":"https://www.youtube.com/embed/r3LDOk6vMp8?autoplay=1&rel=0",
      "image":"https://img.youtube.com/vi/r3LDOk6vMp8/maxresdefault.jpg"
    },
    {
      "name":"YouTube",
      "season":"2",
      "episode":"5",
      "iframe":"https://www.youtube.com/embed/PxQ46YpVwz4?autoplay=1&rel=0",
      "image":"https://img.youtube.com/vi/PxQ46YpVwz4/maxresdefault.jpg"
    },
    {
      "name":"YouTube",
      "season":"2",
      "episode":"6",
      "iframe":"https://www.youtube.com/embed/hlKiu9vAHs4?autoplay=1&rel=0",
      "image":"https://img.youtube.com/vi/hlKiu9vAHs4/maxresdefault.jpg"
    },
    {
      "name":"YouTube",
      "season":"2",
      "episode":"7",
      "iframe":"https://www.youtube.com/embed/wjHlmt3Cbj8?autoplay=1&rel=0",
      "image":"https://img.youtube.com/vi/wjHlmt3Cbj8/maxresdefault.jpg"
    },
    {
      "name":"YouTube",
      "season":"2",
      "episode":"8",
      "iframe":"https://www.youtube.com/embed/bZoPNQE3CC0?autoplay=1&rel=0",
      "image":"https://img.youtube.com/vi/bZoPNQE3CC0/maxresdefault.jpg"
    },
    {
      "name":"YouTube",
      "season":"2",
      "episode":"9",
      "iframe":"https://www.youtube.com/embed/cwpaGhiRUEg?autoplay=1&rel=0",
      "image":"https://img.youtube.com/vi/cwpaGhiRUEg/maxresdefault.jpg"
    },
    {
      "name":"YouTube",
      "season":"2",
      "episode":"10",
      "iframe":"https://www.youtube.com/embed/N6rfwQ0Rpwg?autoplay=1&rel=0",
      "image":"https://img.youtube.com/vi/N6rfwQ0Rpwg/maxresdefault.jpg"
    }    
  ]
}